<?xml version="1.0" encoding="utf-8"?>
<odoo>
	<data noupdate="0">
		<record id="group_carousel" model="res.groups">
			<field name="name">Manage Carousel</field>
			<field name="category_id" ref="base.module_category_hidden" />
		</record>
        <record id="base.ir_filters_portal_public_rule" model="ir.rule">
            <field name="name">ir.filter: portal/public</field>
            <field name="model_id" ref="base.model_ir_filters"/>
            <field name="domain_force">['|',('user_id', '=', user.id),('user_id', '=', False)]</field>
            <field name="groups" eval="[(4, ref('base.group_portal')), (4, ref('base.group_public'))]"/>
        </record>	
	</data>
</odoo>
